{
    "options": {
        "start": [
            "Я продолжу учить химию.",
            "Я съем цианистый калий и дам чуток учителю.",
            "Я подожгу термитную смесь на парте соседа.",
            "Я дам учителю перекись водорода."
        ],
        "botan": [
            "Продолжу усердно учиться.",
            "Сварю порошок в школе после уроков",
            "Сварю в своем гараже из подручных средств."
        ],
        "cian": "Принять смерть достойно.",
        "chemistry_class": [
            "Идти в светлое криминальное будущее!"
        ],
        "garage_chemist": [
            "Умереть в нищете глупым, но добрым бездарем."
        ],
        "chushpan": [
            "Выйти во двор."
        ],
        "chushpan_death": [
            "Сопротивляться до самого конца..."
        ],
        "term": [
            "Я не пойду к учителю - он странный...",
            "Я приду к Уолтеру Белому!"
        ],
        "stupid_term": [
            "Умереть в нищете глупым бездарем."
        ],
        "clever_term": [
            "Приготовлю порошок по памяти, как помню",
            "Признаюсь Уолтеру Белому, что ничего не помню.",
            "Вызываю на Уолтера полицию - он преступник!"
        ],
        "bad_memory": [
            "Принять свою глупую смерть достойно.."
        ],
        "honesty": [
            "Идти в светлое криминальное будущее!"
        ],
        "police": [
            "Подумать о своей глупой жизни напоследок"
        ],
        "mature_botan": [
            "Уйти в нищету"
        ]
    },
    "callback_list": {
        "start": [
            "botan",
            "cian",
            "term",
            "chushpan"
        ],
        "botan": [
            "mature_botan",
            "chemistry_class",
            "garage_chemist"
        ],
        "cian": [
            "lose"
        ],
        "chemistry_class": [
            "win"
        ],
        "garage_chemist": [
            "lose"
        ],
        "chushpan": [
            "chushpan_death"
        ],
        "chushpan_death": [
            "lose"
        ],
        "term": [
            "stupid_term",
            "clever_term"
        ],
        "clever_term": [
            "bad_memory",
            "honesty",
            "police"
        ],
        "bad_memory": [
            "lose"
        ],
        "police": [
            "lose"
        ],
        "stupid_term": [
            "lose"
        ],
        "honesty": [
            "win"
        ],
        "mature_botan": [
            "lose"
        ]
    },
    "descriptions": {
        "start": "Вы находитесь на уроке у профессора Уолтера Белого.\nПеред вами несколько реактивов: \n1. Цианистый калий\n2. Термитная смесь\n3. Перикись водорода\nПреподаватель порезал палец.",
        "botan": "В учебнике вы видите гениальную формулу оранжевого порошка. \nЕсть большой соблазн его сварить.",
        "cian": "Вы погибли вместе в агониях. Зато мучения окончены.",
        "mature_botan": "Вы упустили свой последний в жизни шанс, выросли и теперь работаете ботаном в компании РУСБОТАН.",
        "chemistry_class": "Учитель Уолтер Белый замечает вас в своей лаборатории и хочет наказть... \nНо так как у вас получился хороший продукт, он берет вас к себе помощником, и вы вместе делаете Emprire Business (You-re not in Money-business or in M*th-business).",
        "garage_chemist": "Ты понимаешь, что в итоге у тебя получится в итоге, если будешь использовать Мистер Пропер вместо натрий-хлора (большой взрыв). \nТебе становится жалко маму и родной дом, ты оставляешь эти затеи. \nДобро пожаловать в нищету! Но зато с мамой)))",
        "chushpan": "Урок закончился, учитель вам очень благодарен!",
        "chushpan_death": "Пацаны назвали вас подлизой и чушпаном. Вас забили до смерти.",
        "term": "Произошёл мощный взрыв. Учитель поражён вашими талантами в области химии, приглашает вас присоединиться к нему после уроков.",
        "stupid_term": "Вы упустили свой шанс, потому что мы оба знаем, что талантов в области химии у вас нет. Добро пожаловать в нищету!!!!",
        "clever_term": "Вы приходите к Уолтеру Белому. Он показывает вам рецепт нового гениального оранжевого порошка и учит, как его варить. \nПотом он решает отлучиться и просит вас доготовить партию. Но вы ничего не помните из его объяснений...",
        "bad_memory": "Вы сделали идеальное взрывчатое вещество (а не оранжевый порошок) и вместе с Уолтером Белым и его гаражом подлетели на воздух.",
        "honesty": "Уолтер ценит твою честность и объясняет ещё раз. \nВас ждут легендарные приключения вместе!",
        "police": "Приезжает брат Уолтера в законе (шутка про brother in law) и забивает вас до смерти, чтобы вы не мешали Уолтеру Белому варить."
    },
    "image_list": {
          "start": "images/start.jpg",
          "mature_botan": "images/mature_botan.jpg",
          "stupid_term": [
            "images/poor_man.jpg",
            "images/poor_woman.jpg"
          ],
          "garage_chemist": [
            "images/poor_man.jpg",
            "images/poor_woman.jpg"
          ],
          "term": "images/term.jpg",
          "cian": "images/cian.jpg",
          "bad_memory": "images/explosion.jpg",
          "honesty": "images/win.jpg",
          "chushpan": "images/dvor.jpg",
          "botan": "images/botan.jpg",
          "chemistry_class": "images/win.jpg",
          "clever_term": "images/clever_term.jpg",
          "police": "images/police.jpg",
          "chushpan_death": "images/chushpan.jpg"
        }
}